<?xml version="1.0" encoding="UTF-8"?>
<!DOCTYPE mapper PUBLIC "-//mybatis.org//DTD Mapper 3.0//EN" "http://mybatis.org/dtd/mybatis-3-mapper.dtd">
<mapper namespace="helper.recruit.community.mapper.QuestionExtMapper">
    <resultMap id="BaseResultMap" type="helper.recruit.community.model.Question">
        <id column="ID" jdbcType="INTEGER" property="id"/>
        <result column="TITLE" jdbcType="VARCHAR" property="title"/>
        <result column="GMT_CREATE" jdbcType="BIGINT" property="gmtCreate"/>
        <result column="GMT_MODIFIED" jdbcType="BIGINT" property="gmtModified"/>
        <result column="CREATOR" jdbcType="INTEGER" property="creator"/>
        <result column="COMMENT_COUNT" jdbcType="INTEGER" property="commentCount"/>
        <result column="VIEW_COUNT" jdbcType="INTEGER" property="viewCount"/>
        <result column="LIKE_COUNT" jdbcType="INTEGER" property="likeCount"/>
        <result column="TAG" jdbcType="VARCHAR" property="tag"/>
        <result column="JOBLINK" jdbcType="VARCHAR" property="joblink"/>
        <result column="COMPANY" jdbcType="VARCHAR" property="company"/>
        <result column="PLACE" jdbcType="VARCHAR" property="place"/>
    </resultMap>

    <update id="incView" parameterType="helper.recruit.community.model.Question">
        update QUESTION
        set VIEW_COUNT = VIEW_COUNT + #{viewCount,jdbcType=INTEGER}
        where id = #{id}
    </update>

    <update id="incCommentCount" parameterType="helper.recruit.community.model.Question">
        update QUESTION
        set COMMENT_COUNT = COMMENT_COUNT + #{commentCount,jdbcType=INTEGER}
        where id = #{id}
    </update>

    <select id="selectRelated" parameterType="helper.recruit.community.model.Question" resultMap="BaseResultMap">
        select * from QUESTION
        <where>
            <if test="id != null">
                and id != #{id}
            </if>
            <if test="tag != null and tag != ''">
                and tag regexp #{tag}
            </if>
        </where>
        order by gmt_create desc limit 6
    </select>

    <select id="countBySearch" parameterType="helper.recruit.community.dto.SearchDTO" resultType="java.lang.Integer">
        select count(*) from QUESTION
        <where>
            <if test="search != null">
                and title regexp #{search}
            </if>
        </where>
    </select>
    <select id="selectBySearch" parameterType="helper.recruit.community.dto.SearchDTO" resultMap="BaseResultMap">
        select * from QUESTION
        <where>
            <if test="search != null">
                and title regexp #{search}
            </if>
        </where>
        order by gmt_create desc limit #{page}, #{size}
    </select>

</mapper>