<?xml version="1.0" encoding="UTF-8"?>
<!DOCTYPE generatorConfiguration
        PUBLIC "-//mybatis.org//DTD MyBatis Generator Configuration 1.0//EN"
        "http://mybatis.org/dtd/mybatis-generator-config_1_0.dtd">

<generatorConfiguration>
    <!--    When loading the JDBC driver for database introspection-->
    <!--    When loading root classes in the JavaModelGenerator to check for overridden methods-->
    <!--    <classPathEntry location="/Program Files/IBM/SQLLIB/java/db2java.zip" />-->

    <context id="DB2Tables" targetRuntime="MyBatis3">
        <!--    The <context> element is used to specify the environment for generating a set of objects. Child elements are used to specify the database to connect to, the type of objects to generate, and the tables to introspect.-->

        <plugin type="org.mybatis.generator.plugins.RowBoundsPlugin">

        </plugin>

        <jdbcConnection driverClass="org.h2.Driver"
                        connectionURL="jdbc:h2:~/community"
                        userId="sa"
                        password="123">
        </jdbcConnection>

        <javaTypeResolver >
            <property name="forceBigDecimals" value="false" />
        </javaTypeResolver>

        <javaModelGenerator targetPackage="helper.recruit.community.model"
                            targetProject="src/main/java">
            <property name="enableSubPackages" value="true" />
            <property name="trimStrings" value="true" />
        </javaModelGenerator>

        <sqlMapGenerator targetPackage="mapper"
                         targetProject="src/main/resources">
            <property name="enableSubPackages" value="true" />
        </sqlMapGenerator>

        <javaClientGenerator type="XMLMAPPER" targetPackage="helper.recruit.community.mapper"
                             targetProject="src/main/java">
            <property name="enableSubPackages" value="true" />
        </javaClientGenerator>

        <table tableName="user" domainObjectName="User" >

        </table>

        <table tableName="question" domainObjectName="Question" >

        </table>

        <table tableName="comment" domainObjectName="Comment" >

        </table>

    </context>
</generatorConfiguration>